First Name,Last Name,Company,Email,Phone,Address,City,State,Zip Code,Job Title,Lead Source
John,Gonzalez,Heritage Carpentry,john.gonzalez14@example.com,738-551-9969,1611 Pine Rd,Boston,CA,85831,Architect,Referral
David,Davis,Reliable Renovations,david.davis98@example.com,816-596-2061,1198 Maple Dr,San Francisco,MA,45679,Carpenter,Trade Show
Barbara,Moore,Reliable Renovations,barbara.moore53@example.com,906-354-4914,6350 Oak Ave,Boston,CA,93487,Plumber,Website
Thomas,Jones,Heritage Carpentry,thomas.jones23@example.com,411-319-3994,1384 Maple Dr,Austin,TX,80153,General Contractor,Google Search
David,Martinez,,david.martinez42@example.com,767-392-8851,2174 Cedar Ln,Austin,WA,86623,Plumber,HomeAdvisor
Charles,Davis,,charles.davis69@example.com,894-709-3966,4683 Oak Ave,Boston,TN,32095,General Contractor,HomeAdvisor
Linda,Martin,Apex Plumbing,linda.martin44@example.com,989-918-2948,328 Cedar Ln,Chicago,AZ,59437,Carpenter,Yelp
Thomas,Smith,Green Builders,thomas.smith36@example.com,524-837-4279,9057 Main St,Portland,AZ,95388,Project Manager,Yelp
Linda,Thomas,,linda.thomas39@example.com,452-732-8783,6827 Maple Dr,Chicago,OR,45204,Architect,Trade Show
William,Davis,Coastal Roofing,william.davis84@example.com,713-571-6864,3466 Maple Dr,Nashville,IL,98026,General Contractor,HomeAdvisor
Richard,Moore,Urban Masonry,richard.moore37@example.com,615-274-2551,942 Pine Rd,Phoenix,WA,72191,Carpenter,HomeAdvisor
William,Hernandez,,william.hernandez39@example.com,464-885-3026,3314 Cedar Ln,Portland,NC,39824,Property Owner,Facebook
Patricia,Johnson,,patricia.johnson85@example.com,520-447-9216,8608 Cedar Ln,Denver,WA,71074,Electrician,Google Search
Richard,Johnson,Summit Electric,richard.johnson96@example.com,239-768-6060,2332 Main St,Phoenix,CA,45421,HVAC Technician,HomeAdvisor
Richard,Thomas,Coastal Roofing,richard.thomas60@example.com,989-459-4855,4707 Oak Ave,San Francisco,CO,13847,Carpenter,Facebook
Susan,Jackson,Green Builders,susan.jackson85@example.com,644-720-7601,581 Main St,San Francisco,IL,97459,General Contractor,Referral
Charles,Moore,Coastal Roofing,charles.moore19@example.com,803-219-3058,463 Main St,Boston,CA,68331,HVAC Technician,HomeAdvisor
Jessica,Williams,Green Builders,jessica.williams87@example.com,569-708-9848,6312 Pine Rd,Austin,IL,55348,Plumber,HomeAdvisor
Thomas,Taylor,Apex Plumbing,thomas.taylor78@example.com,934-543-9466,5652 Maple Dr,Nashville,WA,23543,Plumber,Website
Thomas,Smith,Summit Electric,thomas.smith32@example.com,726-765-2162,6354 Main St,Chicago,WA,84497,Project Manager,HomeAdvisor
